<application>
  <component name="FileTypeManager" version="17">
    <extensionMap>
      <mapping pattern="*.env.example" type=".env file" />
      <mapping pattern="*.env.dist" type=".env file" />
      <mapping pattern="*.env.testing" type=".env file" />
      <mapping pattern="Dockerfile.*" type="Dockerfile" />
      <mapping pattern="Dockerfile*" type="Dockerfile" />
      <mapping pattern="*.js.flow" type="Flow" />
      <mapping pattern="*.js.flow" type="Flow" />
      <mapping ext="local" type="PLAIN_TEXT" />
      <mapping ext="dist" type="PLAIN_TEXT" />
      <mapping ext="dis" type="PLAIN_TEXT" />
      <mapping ext="debug" type="PLAIN_TEXT" />
      <mapping ext="go" type="PLAIN_TEXT" />
      <mapping ext="sqlite" type="PLAIN_TEXT" />
      <mapping ext="py" type="PLAIN_TEXT" />
      <removed_mapping pattern=".jshintignore" approved="true" type="PLAIN_TEXT" />
      <removed_mapping pattern=".eslintignore" approved="true" type="PLAIN_TEXT" />
      <removed_mapping pattern=".gitmodules" approved="true" type="PLAIN_TEXT" />
      <removed_mapping pattern=".stylelintignore" approved="true" type="PLAIN_TEXT" />
      <removed_mapping pattern=".yarnrc" approved="true" type="PLAIN_TEXT" />
      <mapping pattern="*.yaml.dist" type="YAML" />
      <mapping pattern="*.yml.dist" type="YAML" />
      <removed_mapping pattern="fcc667245730337bdde803afeb29bf0ff46e009d" approved="true" type="PLAIN_TEXT" />
      <removed_mapping pattern=".gitignore" approved="true" type="PLAIN_TEXT" />
      <removed_mapping pattern="Procfile" approved="true" type="PLAIN_TEXT" />
      <removed_mapping pattern=".gitmodules" approved="true" type="PLAIN_TEXT" />
      <removed_mapping pattern=".yarnrc" approved="true" type="PLAIN_TEXT" />
      <removed_mapping pattern="NewRelicServiceProvider" approved="true" type="PLAIN_TEXT" />
      <removed_mapping pattern="report-github" approved="true" type="PLAIN_TEXT" />
      <removed_mapping pattern=".env.testing" approved="true" type="PLAIN_TEXT" />
      <removed_mapping pattern=".jshintignore" approved="true" type="PLAIN_TEXT" />
      <removed_mapping pattern="22751719910670e38fcd25f125ab8f96258d8e5e" approved="true" type="PLAIN_TEXT" />
      <removed_mapping pattern="70ef1c723d608f264a166e7e356fc4ee0a03bcb7" approved="true" type="PLAIN_TEXT" />
      <removed_mapping pattern=".stylelintignore" approved="true" type="PLAIN_TEXT" />
      <removed_mapping pattern="IOPS-3707-add-required-sustainability-columns" approved="true" type="PLAIN_TEXT" />
      <removed_mapping pattern="091abca28a747620c4ac2c19ab971e4f32b2979f" approved="true" type="PLAIN_TEXT" />
      <removed_mapping pattern="Dockerfiledev" approved="true" type="PLAIN_TEXT" />
      <removed_mapping pattern=".env.example" approved="true" type="PLAIN_TEXT" />
      <removed_mapping pattern="test" approved="true" type="PLAIN_TEXT" />
      <removed_mapping pattern="php-entrypoint" approved="true" type="PLAIN_TEXT" />
      <removed_mapping pattern="crontab" approved="true" type="PLAIN_TEXT" />
      <removed_mapping pattern=".gitkeep" approved="true" type="PLAIN_TEXT" />
      <removed_mapping pattern="test-reporter" approved="true" type="PLAIN_TEXT" />
      <removed_mapping pattern="run-test" approved="true" type="PLAIN_TEXT" />
      <removed_mapping pattern="abc77d9a6b0e20945eeab6377279ae755106f422" approved="true" type="PLAIN_TEXT" />
      <removed_mapping pattern=".eslintignore" approved="true" type="PLAIN_TEXT" />
      <removed_mapping pattern="CacheVersionController.js" approved="true" type="PLAIN_TEXT" />
      <mapping pattern="*.tf.dist" type="Terraform" />
      <mapping pattern="deploy" type="Bash" />
    </extensionMap>
  </component>
</application>