<application>
  <component name="RemoteServers">
    <remote-server name="Docker" type="docker">
      <configuration>
        <option name="apiUrl" value="unix:///var/run/docker.sock" />
        <option name="certificatesPath" />
        <option name="pathMappings">
          <list>
            <DockerPathMappingImpl>
              <option name="localPath" value="$USER_HOME$/Code/model-manager" />
              <option name="virtualMachinePath" value="/" />
            </DockerPathMappingImpl>
          </list>
        </option>
      </configuration>
    </remote-server>
    <remote-server name="Docker2" type="docker">
      <configuration>
        <option name="apiUrl" value="https://192.168.99.100:2376" />
        <option name="certificatesPath" value="$USER_HOME$/.docker/machine/machines/theiconic" />
        <option name="machine" value="theiconic" />
      </configuration>
    </remote-server>
  </component>
</application>